respondent,numerical_value
c7890b1c-1d2d-4fca-9301-ff8b45e3a534,676
5a49581d-6530-46d0-bc5d-0bbd2c2269e1,554
aacb7089-843e-44be-bf98-b845794ce204,569
2548c498-4c32-4f66-b403-da875b911aa7,888
0be67ab4-6a16-4107-8e21-8d0caba976b1,670
5b9e324c-a783-4be8-9d7f-819308df6493,699
e31b4d43-1933-4568-8ce0-cbc9d3e6cfd6,446
ea2bd08c-e428-4c73-a198-085db2e14af7,972
ce85c2fc-7630-4cc4-9155-a1647914259f,245
9f257a02-35eb-49be-884a-d5e9d535751e,772
7a6df5d8-0836-4448-9041-038f2dad9401,644
3278e316-a322-4223-b155-8ef76a0ca066,557
9ad1116f-57d0-4d2e-aa45-ed21bc3e322e,500
a3517b7d-9ffd-410a-9830-0216047f8c62,146
f4f9aaeb-c36c-4433-8d4a-4b70f6517d9c,385
fd7687fd-aa9f-4345-a474-bd72378fa629,483
ec772dab-15c2-4e84-9bb3-4da1e38ec984,367
1a8fc839-2b7d-479e-a072-38c3aae95f5a,330
d0f75351-053d-41f5-a1ea-a87a1d80281a,661
c254c2fc-0807-4759-9485-1c4a397e867d,508
055e2c4f-f107-48ed-af7d-b5e1d8afafbb,893
c046553b-ffa2-4270-abf8-f91835dfb1ff,112
378a0da4-f182-424c-9846-1fa5bd2213fd,974
2f32f451-469a-4ba5-9496-5e0915af4f17,782
b43ef657-dba6-4529-99ea-f5c4180877dc,286
1f2b84ab-04cd-4308-b65b-073433bcc450,209
93bd5843-2db9-4ab9-ba90-31e9998f132b,85
1a704530-7ec9-4159-b6b8-723c03446777,325
9cb83c58-31c1-4aea-b3b1-009c48c236e2,157
7df64800-3cfe-4197-911c-61bd48d78309,867
10c42bf5-aa90-497b-ae83-24ecb19a2d7f,45
b6a61e82-86d2-4db4-b28f-77f4e840db54,991
631713d2-32a1-4a7c-b127-6fee91cccd1f,417
fced15a8-c8d7-4f97-8d13-b1d833ce3b05,390
055d50e8-e008-4453-8c41-1304a7550371,170
0d1846af-490e-4fcb-86a1-d6b4eb805ae2,275
5aabac7c-cd14-4d41-9255-a68483ea381a,166
a5cd10f0-bcf9-4ec2-b28c-2b33bff626b8,74
e543e696-ceb6-47e5-b3d7-0f4daacbf1ad,757
7bbd0b4b-339f-45d1-bcfc-b582f6682dba,562
9e5e5a75-ec5f-456d-86d0-89c1268972cc,887
6e73434b-2dc4-498a-a5a2-eac81f10a155,469
25241ab9-75cb-44cf-b8cf-55fa045912b5,292
1ccac578-c5d8-44f0-8893-b05c3d6c1086,835
7a248610-85f6-4de6-8ea1-42474978bb67,759
f4484ef7-2414-4fcf-a306-a4c147771882,693
b163a945-491c-42a1-aa2c-a79eb710939b,62
f26a62ad-5b47-4ae0-bb99-7ea6c8209fcb,323
354685e7-86cd-4de5-96cb-069532eb6c23,721
8b6e562f-63ea-40ed-97fc-ddd38a8fe5d9,337
2628366d-9f97-4e8f-93e8-5827080f20f7,726
72e36a2a-c04e-4852-a2d6-fef1d303db60,500
7d07f5d1-a755-4743-81bd-63b06ac2a0d2,628
1b0233dd-0748-4998-8573-054eeadf861e,305
f750280a-6c2d-40b0-a2e1-1ce321aea8be,922
8dd1d428-af8f-4e22-bdfa-f62dc34e2b1e,549
6138a225-8d51-40c8-90ac-d55dc5eda60f,890
9968b424-041f-4d29-846c-f39bc8721474,213
c128f667-9109-4d51-8cb0-21335f065cf7,466
83657630-9a05-483a-b926-0cb8e813750e,205
49b1760f-0e46-45d3-8eee-a1731352a633,578
b3fd62c3-af63-4106-97d2-f7d9663df11c,523
048060df-945a-4ee5-b995-c67c6f1f6d64,47
9b05c6d2-db6f-4fff-bf12-fde63fbd3df0,117
29ded183-6e1a-4a35-953c-7d794f3d9bc0,230
fa9c09f5-6112-461d-8c82-e2f08b74e8e4,202
3eabaa56-6ee8-4577-9ecc-8c5480f9f2e8,569
f02e37e1-eea3-4713-9d7f-d93cd6d32bf3,49
ccb21664-ba25-47c8-aa9b-f6098eb7993f,130
2eaad4aa-5b43-42c3-b419-ad9bdd17e334,65
e67bc08e-b78b-4442-bf36-eb7d3a88dc8d,850
c3eeebcb-27cb-4d98-b63a-bb232f23a3c4,747
a2afb148-dddd-4b2a-8bb3-f88d53d3ff9b,876
d32b6171-d7a3-431a-81c7-bb6aa2942906,892
214cd03e-384b-4dd7-b866-1db14c81aa78,2
5f79c963-ba43-40df-978c-401c3fb6a866,862
f89dd806-8deb-4165-8a53-06787e2466f2,294
e279c14a-0e72-40fa-af1d-d337ba0e901a,269
acb0ee95-c2b9-49d6-8838-373639936764,709
5dbbd58b-ee02-486a-a01f-a4705477aef6,389
77cf72e0-868a-4771-9c9d-426f1bb2104c,872
8b5e9e5a-7835-4715-94fd-9f4855aa40ae,958
3ae8ac2a-b898-495a-bc98-37ac5a58888b,264
02956b5b-ee9a-43a4-88da-b09d077edd40,909
a8419814-f973-4a9d-b1d5-733f793fa25a,521
c808f9d2-5fc4-4a93-859d-e0fe52f987ad,380
09243742-251d-489b-bd3e-681266bc1e5d,567
e6c1b2b8-d27a-451c-b6e9-6f9276d0acae,616
63ac8d7c-ef71-4d11-9453-087005b0e970,744
d5643087-68dd-4fff-8fe2-823e6e9dc945,821
bd3e85ba-7bf7-40b8-bc97-7b960f939714,232
e1c09ebb-6d11-4fc5-bb5c-cafde2452771,145
fc9f5b10-27aa-4c1a-8e0e-35255a8d7e07,252
d6db261d-0e33-45a6-9381-a0587d2d5b92,404
84697a02-ee5a-4dc0-8692-a911a03f6e0d,988
e6e07e77-6005-40e9-94fe-7c22c5237bb4,544
dd29e3be-1dbc-4519-bb16-d560280b0151,313
dc651d25-6910-424a-a184-3bafa94ace44,677
f8102cf7-0540-46c6-8583-7103f56e7204,21
ddfb1375-e091-4e31-a128-ac939e255e6d,620
d2339cfb-f3a9-4569-b40a-990879558cfe,831
d89bfc16-5ffd-47c1-b500-62a230a0da12,868
3d9c7b4d-4f0b-43a3-b5e9-2a70125431ca,9
e3a0eef3-dd22-4355-913f-9338df20d175,602
51756d9b-afdf-4f4c-b202-7c8fb7ab516a,484
6476a525-1650-44d7-80b4-862ecf9f7c38,977
a0d4d5d9-89b1-4560-bb7c-7425b1652472,18
49bb3909-fada-412a-b98b-c2ee70ab9a1f,299
ac94442a-beb7-40ed-8bc6-750fee1eef06,166
446938bf-10a4-4fc7-95fe-e09c4cf95732,808
abbea5eb-6a54-46b2-a38c-a0dafa4b6ebe,388
0260e709-5f1c-4e74-a6d7-69a4eff70b9e,341
d0e96885-875c-41e3-96af-efd90adbad71,642
04abb9fe-556c-4e19-bde5-1b801e51cecc,847
6d974823-a5d0-45e6-b86e-68c86abe9279,184
ab3f0115-0255-49a8-ad98-283cf51f6a38,70
334d4f27-5c20-4626-8805-fba723dfc004,799
c96e24a9-ad6a-4a1a-816e-588693ce987d,416
fcf63ac7-8307-4efe-9872-66b54da1d25b,280
b66c5767-e05b-4323-ba63-949e70c47395,676
f4171115-8569-4b0d-8239-3b388ad30248,489
23fd8b90-5590-407a-b895-1b806424bd93,695
54549d9e-ddec-4644-bdd1-94fca0471648,433
9c90c80b-c82c-467e-a3d6-4aec57061bd8,352
0d708a13-c658-4b3c-88f9-933ca761548c,255
ed3ef7d0-6a69-4bd6-943b-0d7f99286765,880
b59e4725-712e-42f1-b7f6-4c8af925e355,948
18b44c12-8243-44a6-8db0-458b3fce6225,953
41a73dcd-0ebf-4afa-884d-31323e15e951,647
e78c2359-807f-4f8d-84aa-dac61012e495,812
d845a897-367b-40a9-b962-257088c4b4c2,413
bd90183b-a6b8-4c69-a617-59045fa83e5c,920
f8c32538-cb25-482c-ac31-55efb73e1ecd,733
f0f09ce3-18e3-477d-a616-48e086af3892,802
78f934eb-f5e2-4e72-afae-8db2be1e680e,840
17c1777a-af21-47f7-a189-c8a016fb5d3f,430
ce48f78b-fe12-43c7-8a5d-53d9bc27dad1,394
45522ee4-9e90-439f-8fe0-4a8d093023ae,424
e3f9fadc-bba7-4d25-bffc-42afd98996f9,219
4517284b-c03b-4483-ad1c-c35a56b54779,712
df14195a-c276-4e80-b2e9-05ebf7018edb,531
7894c1aa-4b96-4d51-a046-2a7eb3a2cdf3,939
1e6eba6a-4d62-4c34-ba82-cb5485af8054,74
e591b3bd-9a21-45c4-ab26-dc1380506ef8,770
478b1b49-e1f4-46b3-acd8-56fc692c06bc,107
131704e0-7ba4-46d0-a0e9-88a6c86a5b06,473
cf144984-fbf6-4366-b061-038022085730,24
3cdc3691-a99b-43b3-913d-165905d07714,642
cacd9499-826c-4dcf-9d52-082c385566c2,984
571c7ebb-711f-4fe5-9755-fa7c4b0f0036,229
f64a4651-072b-443c-9882-481fb3acb264,701
a1080185-98c0-4a70-a01a-399e87f915d8,541
420c8a59-8019-4fb1-afdd-a55549990730,247
b9ce6dc0-3ec6-40aa-be2d-8f7848bd7239,945
84895a53-d13f-42e0-9bc4-c571c70af7ac,790
ab07aa3c-bd0e-4f7f-8652-40b4d2e5401a,849
57310df3-051e-4338-b5e1-b0095f341c63,940
da006d49-3a02-4ab0-b46b-75b7cc8e651b,381
059202ea-c315-45f6-96ba-d079ba2eebf3,56
6c45516a-0c6f-4caa-a31a-4350b539ea6a,348
8f68521b-6e01-48bc-ae3d-89fae818f264,342
ac0888ff-9218-4526-9137-056b4bce7416,28
0279dfe1-f369-40da-8cb3-93ed8b687e4a,456
d35a6d19-7c45-455c-b8c2-f24d1e74f571,41
fc6e6995-d238-4c06-bbf7-74fb9464b380,519
afc952a9-c33e-4066-a7a1-05300217a325,15
9b84640e-b697-41dd-9f00-6731b0ffe45d,408
89040510-bb1a-46ee-a545-3904dbce25b2,287
ec93affd-448e-41e1-8ba6-a79f2999d2f3,689
3072c0ee-bab3-47ca-b29d-68435b1c764f,379
680e5116-ee87-4825-b3b4-56ed14904bc6,184
b3966cb9-9ad3-400c-ae47-01fbd04ad632,27
e6613ac8-b8ba-483a-89ac-7d3e1681ddf7,197
8a7756d9-cd2d-48dc-934f-cec1bc1ac0fe,81
1351b25f-081f-4647-a050-7be682ead25a,418
681da4e0-e5c2-461a-91e9-0c4b945130b2,430
997bfd2b-2382-47cc-ab10-e90a7bd67ed6,987
ef67c616-f2a5-4fa3-8dc2-0bc3ed8df095,294
85d39c7b-2624-439f-b0d7-7bb652bb99df,102
b81cef29-b145-4e13-a1f0-86a4319e2c67,694
4f86b166-8292-4c7d-97c1-cfc5947226b1,509
e88dd472-7672-44be-b6b9-ac81661ec288,834
e1d214aa-c1e7-4668-a0e1-df03f065e832,557
eaa73a3d-394b-4c38-bb20-175523efc9a3,202
1f00777b-d276-498f-9f1b-a6b32db529ac,269
a1aff302-f7db-462d-987f-68750671ad62,879
8a44ad65-3614-432f-b77c-c0b9dff06002,967
a481893a-fff3-4f08-b874-d009d73165a4,234
18825a5d-649b-46c1-a294-2135e5cdce40,899
1fe7fc61-3d55-4fd8-a6b5-71fbf18a469e,133
2803b9bc-8263-47ab-aad0-0c882fd2ee34,445
0d417a15-a050-4977-bec7-b765d29dc504,567
b2b47644-97e3-49e5-9c9a-11451275ba0b,107
b388e00f-a93d-4dab-95cf-5b3ab17988a8,282
027eb414-d8a6-4166-a2b5-455104948bfd,56
d1dc1f3c-3ad7-4cfc-91d5-8ef83850e7ce,866
569686f7-8fe1-4356-8bff-66e4deb4497c,303
76b1b5a7-7ee3-4fda-8382-9e94e39be132,757
dd264c11-75cb-406a-84da-6751346badbd,961
5431888c-d9cf-4deb-b396-924b8f7d5101,640
cac5041d-3bb0-48e8-b881-1ece5391f751,117
41cf26e2-7398-4e56-8465-6af999f41480,406
059449d3-033a-4a78-b249-156a96d348cb,570
7b8b3c4b-0478-49b6-a370-5bc4092c96cf,653
4c501804-539d-428f-9bf8-9b824bd34718,541
278a894c-d6d7-44dd-a22b-463a69049a83,183
b930f18a-2a79-48d2-993f-4fcc3af9e134,562
5aa6882f-18d7-42f0-85d3-f24898f83efb,806
9941288e-530a-419a-be5d-08ac84f63e98,565
16f6e3a8-ccfd-455e-8823-a21c74ce32dd,821
30ed6138-a122-4287-aebb-26d4cbef6cb8,514
a46fad19-9b66-4f17-b1a6-ed0e9a59a96c,903
fcc12420-f9c1-4b49-947f-6f5cd934f2fb,979
abf1c88c-0f2b-4c42-b45b-c4db9671b6eb,571
4582a856-2d94-4fe0-a591-0be163766274,344
2740057a-385c-4740-b72c-08b339b7fd4b,888
0a878935-4725-4fa4-84be-569a1bc2b2e9,980
56f98006-e496-4713-9add-2b3f863ab594,959
21710366-21e2-4e3e-91c1-c8ab61ed608e,810
0f2c51bd-35e1-4f5d-a5d8-b34b7e281353,860
3b2824a5-22e0-4101-8680-030c2e655a87,248
5baeae54-2f1b-4d26-9cc6-e2588d88c3d6,957
d9746b62-ddfc-4019-9448-afcaee5da8f2,216
50211c7d-7a44-4479-8089-438aca6f437b,232
e27d630d-cf80-436b-ba2f-c50ae148d7a1,460
a6ca6a6e-8c59-4e30-ada8-9c2c6bb04c92,807
12581d7f-574a-49b2-afe3-376893689964,961
c480249d-cf6e-461d-bff0-7ca3979f9490,742
e9203e39-e778-4fbf-a30a-eb9ba8cda87f,50
bfcfc7ab-96e9-481a-9a7f-b705a7124612,933
1ae7213a-24d1-4347-9a5f-ffa1d59282d6,546
c8a9808e-e079-48f3-8d01-571ca796d949,409
c3f93bf1-806f-4cbd-876d-b8d47790335c,709
3077a43a-feb5-44ac-b8a9-b0dcf4d5e80e,197
248107cd-6d85-46e5-9127-25f7ce35e4cd,733
9037ea8c-6809-4b2d-a31a-bba59bba462c,650
7465de46-d0dd-4418-acd1-0e6e62b92ae9,215
b40630ed-8765-416b-8a2b-797a2b186b09,438
0855940c-b4f9-4f2d-b466-78776be3a275,313
e3eec744-f2e8-40fc-9b87-61f6ea996587,418
f04c0632-9157-4532-bd32-f5f29f0d4bc4,87
08845be6-9c86-42a0-9c6b-c7f9fe8b05ec,966
f0f7c7ad-1490-4faa-a5d4-7ba1ec9fe424,444
a0422c58-b93a-4b47-8449-d95b809df335,701
7e42f2fb-4ffc-4988-aeb2-5f4f307985eb,347
57c3f725-ae47-40cd-9863-19d6db026293,120
4718b8e2-3fc1-4f48-aec5-6785c0f946c7,359
efba68b6-f344-4218-aac2-f8891c084012,606
6fc6d0de-fc02-41cf-bcbe-0ce14a7ac0ed,628
5c8574cf-df0f-4930-9a67-c77ef770e927,97
c2d8a68a-7d81-4522-a738-544088a6344d,888
cc55869e-3fb3-4755-8a30-71422be6361a,184
0c5f5179-b01b-495e-9290-1d8d23e015ee,55
ea97324e-04ca-49c8-92ff-601f2f741222,810
17f1231f-049b-4ca6-b962-2ca9e85f6f14,748
c871f795-1133-48a4-973d-6a234a28d89d,1
f088c3d8-d182-4338-b1e3-efd2c8f7d806,528
f2c632a7-5b76-4b2d-8eb1-74f46644b25c,865
b6eee41d-36d7-4343-8281-6750a91e803d,678
438e594a-8a77-42cd-b470-98bc107ca3b1,855
882a8ad5-c19a-413c-b424-c1d51c0c8ea1,845
261229ab-b837-4475-ba26-e027aa596981,565
c567fc5a-8bab-43ab-9259-1d13255ed9f5,504
abeb43eb-ec1d-4a39-9ac9-a7d83120f383,467
2da4ccbf-c558-47fe-815b-e09df810304c,667
d2ab290f-d256-4a57-ab33-72c73e25bfe9,508
e7c618b4-0214-4c74-bc51-58d226ebcd98,923
3a1df98b-1f4d-47ea-9367-14b259584a3f,252
341464dd-664f-43a4-8fd1-006b24fa4495,83
39e3366a-9885-4637-92bf-f48112e98923,171
a70a72ea-4949-4b36-b8e5-36ce1a8218ec,188
c316f656-c1c5-4c3c-b85f-f4f829bac287,278
65250b2b-6c82-4c9b-9faf-a47e294dd618,234
501a2584-e9a4-4fe8-8747-c3b674366d51,513
c4301b12-96cf-4026-9bee-196bf33e8583,647
3db005f2-9efa-43ac-9d5a-a60208c3da10,486
388726c1-e4ce-416b-9ae2-0f9f656385d2,539
74b9c26a-3931-4b42-aa3e-b6db8859b1c5,787
ae349d44-553b-4419-926e-9f6d4fa41683,765
9dd8d7d9-07ed-4a9a-9294-eac77348141a,41
01e3da0d-1256-40a4-a4da-9b04881a950c,460
a2960ab6-d327-4ecd-a88d-24f36ebdc96e,272
7aedc3dc-9a89-4e83-8343-021f38a4d30a,537
7e73b780-29bc-45c1-8d37-4f87877a5608,0
59a1a043-47eb-4862-9943-4e30467b8069,742
809b6b6f-2c56-4d09-b0e0-4fd3474c7b1a,605
f7a875fc-dba5-4398-b691-b66a1f25a271,474
56e9e3e7-47cd-4bc3-a025-7305c245f628,646
15a33fa5-92d7-45a0-a8b5-120676dcd4de,885
37eabf09-a2bc-44fe-9339-34989e925a77,285
6730b099-5bdf-4482-9e6a-e08be3862786,352
478e2c08-90f5-4f64-beb1-e1532891ebd2,600
e686c140-0896-4a1b-b8d6-0a76109e95f6,682
b299a27b-7f8d-4fd8-91cc-59f7d1b7c5e3,152
104aea93-fdda-423c-b03a-b452f38bd739,733
424ba43e-b926-48eb-8192-a455c7591e1f,951
9c362157-79af-4209-b62b-cf9629bbde1e,156
3a819261-587f-4375-a4f6-a6a3f35d3300,278
58bfe6ac-f86b-49b9-b64b-7aba0417e72b,908
67686693-ffad-41e8-96ae-62eb1f27d07a,638
2c564b2d-4b66-4fad-afc7-1d9d92b6aa4a,422
5ce19a12-1f37-4d7c-a242-ca254550b854,948
67e50dfe-3b54-4568-877e-210e83709812,732
098d24a0-51b0-4576-be9a-feddb182a9bb,38
b3482673-eac1-4241-93f5-e167fd1160cf,316
bd603018-41f5-4ea2-ba57-e67e71424688,681
8804ff4d-5777-49bd-add8-cc6e8adadcdd,70
690946ed-e8ad-4edf-aa4e-a2ac671d5328,825
126297cc-37ec-4cff-9f5c-ede311d3f20c,214
87832486-a810-4476-a214-ea4818b0280a,532
bac04c6f-718c-4301-ad92-0c50bdc946bb,486
0bddf4cb-a0c3-4e63-886e-e6643a1a9c65,13
83ff5295-732b-485d-99c1-42a4c94279fd,189
57702494-578e-4856-9a45-2d280294e577,602
7afa8716-3ed7-4566-a910-c77b9b3552a6,431
bac712bd-ad55-4608-afb8-2a1533baacb0,110
a9e8adc7-e832-4afa-90db-e68ee49cc866,652
f7972213-eed1-47c0-a65f-0389212e9541,911
a12c6a80-1b63-41c8-8fad-341b34edb7da,489
74ae617f-c6cd-4c7a-ab4e-696354fb7d9d,790
e82e39ab-98dc-4b51-9f1b-888249e089f5,571
cbe4a604-39ad-41bd-a4d9-5d900ecc17b3,587
20bc4081-6488-4637-834d-df14af1424df,706
fc610eb3-1810-409c-93dd-041ecdafc5ba,607
842a699f-c06a-48df-a92d-96b6bf5eb81a,846
734fcb4b-c2ef-4821-9a38-ac1b880876ec,301
9c188d70-9e80-4b33-8b5e-e6a2613a6c88,944
fb99af0d-4a07-4038-8cee-5c62f4ec2d84,878
e83d5824-1e09-44f2-80f4-f349f8d26131,678
ebde506d-ad90-4a2b-a3e8-decccc833a68,27
2453c5f8-90ff-4558-80a4-5f1fc756dae1,254
a1a96898-d74a-4717-8757-83749e60fdab,263
dbd4d594-b251-47d7-8b7c-01e048c1f654,389
e772da51-9475-4f69-b716-064a43f57d97,798
e152a31c-c6d5-4f90-a392-956e1eb3fa7d,922
da4bd7fb-eba2-42d7-93d8-894d9af1b2bc,361
69822a66-0477-4a5a-ab1d-3ab9396f9ba5,124
f0436703-467e-4b3b-b715-9dcf47a433eb,246
7c0a41f0-33ff-476d-8604-080edd6afd88,712
11c5eb75-8b44-448a-81a4-dd33973de2e2,474
972030b9-1f28-4d94-be91-653212329dc3,477
ba581816-89bb-43a9-ac3c-cec6bb7f19bf,412
9ded4cd5-21e5-4d7a-b9c7-f10d17fa10a9,950
216a1d6f-68b9-4362-ac57-cea557cf5d79,49
0bf43fd7-10e3-4f8c-bb15-6ce5925d719c,585
aa7f2f99-5b6e-495c-a4ae-f738e7ba90fa,575
07346d92-3280-4fa8-a3b2-30f7918a6115,616
ab50321f-bee2-4f0a-9739-d6a60725af46,861
a6a49b76-e639-4257-b592-28f5f95a9931,161
fcbad20a-d9e9-4645-9f35-4c355e1f2087,677
13aa05f6-128d-4ad7-bc02-be15d4c9d02a,164
f28c08ef-eb17-4cbc-b81b-6d73dce640c6,955
f159019f-12dc-4c0c-99e3-7f9f68ed556c,26
4ea34341-b6fa-44dc-87d5-f723cddb7000,919
c241b2c0-2b28-40fd-b904-c4c48274e382,746
f4168a7e-2bff-442e-ad49-2644f4157d59,505
fcb9ae85-e355-4f92-b389-ea89489244bd,410
81dde458-a147-481e-9c5f-d9924c182b5c,324
a4c7a822-cad6-4a60-bc77-db24690f485f,246
d6d9816f-c60e-4105-9aa8-f930decf8bca,35
a844954c-18e1-4019-8e95-103db8a413ac,633
2c9b9a55-8808-4c03-8cdd-e63425afe804,414
aee48770-3351-4bac-a2d7-219d19bc1790,682
43bccade-748d-43f1-bac0-36f5dff59242,985
96fb3923-a9f2-4663-b4b6-096f1f084d3f,505
d6fa4f98-de2a-4799-8c65-495f7bbcf1bb,900
c69108c6-048d-4f1b-a2a4-5ea2f9a91074,407
aac977df-be20-4449-8df4-f37027846095,860
49a06306-90b2-440f-b511-29790539c20a,272
2b1e290b-1b45-4c86-8b58-ee0771e85ee1,42
708845cd-dba6-4246-bbb8-48949614a2d7,21
ff37850d-74ff-4e09-a64d-0d9b6949f77d,111
41763251-cb7f-4b66-a70d-fda4432c756b,636
bb10a32b-a477-4db5-abe6-8093f0ac101a,484
4e5f6668-b049-4d2f-8b92-5ccadc3478e4,924
5d46d8bb-e0df-4160-b8e6-befe3eea0eb5,909
14d3de56-7ac0-460a-96d0-e8255c1f1b14,243
a53b05a7-5960-4f27-9547-f409fa9eae33,791
65716809-a228-47fc-920e-289dc3e1bfb3,106
25a56ae3-0322-45f7-9c5a-333894edcd8c,431
74cb4505-b9de-44fe-9690-a48dbb02096c,94
510739f2-e601-43e2-8bef-0ef97fd8111d,511
a22804f3-f6ee-4a60-b240-88c83ac05352,755
b3b08c99-870b-466f-a6b1-e13ec516ecf7,795
f82f7bfe-0bcb-410e-a09c-ed3b82613ea0,436
0395de3c-87c3-4dad-ac48-175c252114ea,965
fcb9774f-15b8-4c07-96e6-5f4bf2b1fa41,918
fb4719b9-eba7-4291-9ecb-ca1a6126f3ce,92
fc195e07-ed80-4fb4-9830-a67f0ba6bdee,917
67cafab9-42ed-4b2d-aa0b-a380b07d058d,844
157ae270-3e5c-4418-8289-46bd95738275,622
48b26997-7fd0-4459-9007-f4491223a1e3,292
0e8f5a39-44ad-4364-b707-4dcbb64afcfd,741
22acfd56-7e32-432d-a42a-bb63232c5ce5,906
ba278d7d-5775-45ae-b73a-5dc574ab310e,368
090168a0-ce6e-41da-9cee-edcf00f91052,885
75272ff2-acb6-45f8-b606-c51ed180362f,314
3e8b798e-367c-4665-801b-3e6a8f559484,921
e1093021-d7b0-4aa3-bc65-da61d29ceb66,165
b222a4ac-cef7-4f10-8e97-48967b3c6215,940
1075a346-7d91-48ba-a9c6-4ac93c1a3dcb,278
012c417e-453c-41a4-83f1-ce7a69fde540,176
dff2f105-24d7-41c6-ac29-02223c517bab,194
fbb4b3e8-a6f7-4af2-8626-f70b2a193f77,670
733d200b-59eb-4805-b8b8-75a937ca649c,722
b5bffa4b-1c51-4676-99e7-08b257c5ec3b,627
36eaa467-7c65-40f7-b95a-84b53e29497b,592
065e8506-d227-4644-8445-4c1aa7d1ded4,202
b98ba81c-8adf-414a-b656-5f35a07b9442,305
63eef5fc-0cea-4be8-8769-0957c1ae1603,194
d796e18f-728a-4e5f-9461-e7f3d38cec89,502
195241c7-8ce8-43b5-82df-622342565d46,120
1c6e3981-0aea-403f-8b3d-7aa88ddcb4d1,637
dcc1995f-9715-4421-8fe8-d35b75a96535,856
1bca6a08-de8d-4444-a1ba-7ffada62a08b,707
67cc1cd8-b25a-4544-9e2b-6e86821fce42,445
0aa9bab7-a7e4-4ce7-9dea-96274b1bbae3,804
60cf54e6-e2bb-4cc1-92b3-81054741b162,424
0b5f1542-1a5d-457c-b00e-28d8dd9448e8,957
e06a3176-cd53-4fdc-8a8c-3ece7d030c49,905
7fb05b75-6fd9-4b71-9379-777832e85bae,522
5fa7d746-716e-492d-87c3-2b423d27d0eb,71
76cd1fc9-7241-4c6f-b720-4a675816ac04,350
6d96b506-c5b8-4366-8ece-3450c6b08995,49
e93cdeea-820e-46e3-8ea2-ceda414770d2,497
a6bcd333-58f0-43e5-b032-6d00106a71f5,150
166ab51b-5341-4dc1-921f-18b03ef13f4b,481
cfed82c2-4fe8-4d43-9cd7-aefeaa7edf3f,957
283fcd55-200c-491a-8553-5e106040b831,743
90049f11-3d7c-41b6-b2fa-ca354aa4b413,576
731fdb07-47ed-4187-bf4a-db660b5a4d31,3
9ca56671-adcf-4bbb-a3a4-6b4c05bd8da1,854
4a36b6d2-fd52-4c04-bfe2-1c3db639099f,862
c8611b13-cd45-4af5-8248-df63dc871ca5,253
54c5e98e-41f1-4d10-91ed-1a4d11707d15,947
878aae5c-22f0-42c3-ba1b-21a928274585,564
2f3c4c5d-842b-45f8-a61a-f0cdf1ba5701,279
93b5171c-c730-4d9a-95d6-1df91d729666,388
5cc1cfc5-30c0-4187-bf78-26b34a39b192,373
348ba62f-8383-4ca4-bce1-6853feb2b02d,313
e6c86d95-904c-4520-ac21-29aa17be0097,750
dc2f3b9e-479f-4a0d-9d24-d1b658ba2490,531
6ca69ef5-526a-42d5-92d7-ff0621589da9,691
3ec72d3a-a1f4-4603-9874-3a9b32d82d8b,204
3ef47266-a782-460c-b539-8bc713ed6b05,265
2bee2ea9-92e9-41d1-a2f0-cde9c65259b8,171
98879018-0664-4462-bc0b-f013634e56ac,253
ac705fca-f36e-4d4d-bebb-86485181da78,97
df5a796b-c356-43ae-ada6-ee4168aa4dcd,703
14ba1ce1-6835-4ca6-8ee1-eae7985dde8d,503
7590e1c1-8cb1-45a0-802b-5d9695a4d6e5,184
9342beaa-3a6b-4fdc-8a2c-92d3238dddd0,768
66b76bc4-1c9d-4659-96af-0529ead2efca,611
871caa93-1efb-4bd6-a46d-9a43b38f99bd,9
c4d933e6-811b-4c8c-b155-6aa0791a0520,357
acf02bbe-8b1d-4805-b113-51cd6a021306,506
629aaa79-5812-41f6-a010-0e00bbf2a23e,298
7d0fcb4e-0935-4cdf-9902-c92eaca0331f,641
2da1fd6f-f5ec-48f6-bca9-10598ed15aac,706
66477cb7-7f71-480a-8b26-89b3be5cb8ed,927
d5403e10-c393-4950-9d13-10c6934d713d,315
7c56c6eb-29c1-4298-95b4-e41214bcd9e3,167
72438e8c-1f58-470d-9b7e-7fcb9f221e67,837
c2aa6990-9e04-4440-b974-98076b875074,59
6b38b67c-c421-466f-9e4e-85cade6b081f,306
fa6e350b-4038-4f9c-8c0f-42e049966b32,970
a76e33c7-97e7-4f13-8a29-64748b0cf39c,236
20dcd743-cf0e-4b9b-8956-29067eb28499,219
8c21ce04-acae-40f2-ad05-82d5d584afb2,822
3e897343-b7ed-4fd8-b2c9-1ce89255a36f,600
5c853cb0-4456-4c04-b515-dba0bef94bba,92
a6de1efd-a86b-405f-9e50-8dca0624faca,640
ff33991b-071a-48e1-a7b9-e88b7116e7f6,685
0ff0f0c0-c4f5-4646-8141-897eca03aa84,511
c65a900a-8849-4c1c-8566-ddc790e47389,31
d06d74da-13ae-4931-973a-6bafb02534b8,3
0bdc64bb-931b-48f2-b454-5a6a0b94895f,995
c6c898c3-1ba5-49b2-be5b-b6b7b05b4c49,603
0ec55aec-99a3-4c82-af1a-3b42c651591c,260
3c3e2f2c-aca4-48d0-b4d2-bdb49d0902ff,304
8ddce5ab-d12e-44a4-8da9-6955b94b2010,108
dbed945b-cd10-4d78-b3a0-c5774e305cc9,390
0bb7c2f1-731d-4fff-8b00-5a3cbe424123,901
9dee8411-3b2d-4930-9336-f065e8fda108,380
34514d86-809c-4e72-9595-caa11473aa6c,478
19da0bc0-659e-4028-8dbd-c8212988e2e8,620
14fbf497-df41-4375-a9e7-411e27ebb409,867
1be65ec4-4131-43f2-b2da-ce9a36e572cb,543
413404d4-f5fd-4e7c-ab80-197a3bd3601e,650
aba81bd5-b619-4c70-a4b5-76c290d39316,476
4c915e92-ea24-4c5f-b61a-5c2b7d26cad3,433
fd9fdcc5-5faf-4c37-a22e-4208ee639ff5,565
27d6241a-ba5d-475e-a234-396122d0d2b8,665
ebb97170-58a6-46b5-ab80-c75472ff5122,427
abd17dcf-a560-4c4b-8109-1686a306d16b,318
8ac33659-5cf0-4c51-b568-c3eb5399b7a4,552
0bdf2d95-a834-4ea4-9f85-e0642d988a6f,594
2a20aeff-4ebf-498b-97bb-ca0e6b37d2b5,687
4683ab0a-8d3e-46eb-a232-3373d89dd579,982
2593e204-d6c3-43d3-ab2e-8ca431d7779a,29
86848051-54fc-4de2-8611-cfce83585778,460
d2f018a1-6286-471a-9952-885af3362e02,409
8a53a175-b41f-49be-8465-75c2d7a442ab,577
42c492c0-1361-4ad7-a2c6-019cd4aec2a8,3
5f080a7a-6073-458e-8fe1-1ce0ee9ed473,979
5ffec91f-374b-415a-ad5a-197148c1ffbb,625
7324ec79-ca31-40d1-9e0d-544ea8756116,271
c580421b-87d3-4f41-8109-d898ec1506d0,192
11397c92-d907-46ff-b6b0-07522fa2f6b1,228
da7db890-65f4-49ea-8118-f7ccd4e7fe52,273
67505030-1e04-4b8e-a0bf-3a44862ef846,902
f727062f-6cdd-41a8-bff7-9157a8f9feb1,375
c8da7c9e-cb29-4cfd-8303-46132ebec4c7,841
678855b1-c37e-4be4-adca-04c210c5b7e4,280
fc41639e-1923-485f-b436-64dbdc3f55ef,243
fe09ebc7-7cd0-448a-817b-8970f63f9c0f,480
2b793a1e-b144-4814-8256-989f6dd45191,145
d0c406b7-e03f-4cf2-a0ed-bb9bab402b01,884
917b326d-223c-4286-98dd-2650bbfa0431,712
a5f8894b-1840-479e-92cd-d2b34cd5695c,96
2f565c86-dea7-4f5f-9bec-92bd21d6dd94,271
3022ccc5-a3ae-4687-9ec6-14667c2ef212,790
7bfb1f70-ab7f-4f2d-b959-215ed00404e7,365
c8ae4868-8970-4352-a87a-00407e374082,59
678301e9-5795-44da-a01a-5322cc61fbaa,283
3b7264b8-c93a-49a2-b6f6-917a25419b8f,816
aead4cf1-26b2-41b2-ac60-bbb16fca58d0,377
ac5b32fc-4445-4928-a008-836150db61d4,47
d4000c16-77a6-4363-9b20-37176be745bf,698
72868d51-fab7-4d46-b79a-aa104fcd078e,517
31d5f2ce-407b-4713-bdde-ebb6e3ee0af4,507
aa4e15f2-42d6-4017-848e-293bcefca525,964
87f399ef-eaaa-4bb2-b653-062375dd2d18,447
5df8cab5-ad75-4eeb-a4af-b55416e740c8,28
b40500ba-403c-447c-9c3b-eedf9769b883,988
fee7c910-e4f2-4fe8-9da0-c8cb9c2c211d,158
289420c4-16f7-41e3-92b6-059a9ca12e35,797
df070a8e-22d1-4eb7-ad03-b87812092b4c,119
68094255-7ffd-4794-8835-996124fb0d27,16
d75104b8-599d-4493-a11f-d9c498ab96b0,172
4c82aad6-85af-451a-ba27-76cc60274f69,845
dedb4c13-c84c-408f-9678-6c93547a5c4f,517
98197859-87cc-4843-8537-2ab99a224f09,573
affe87a6-a2f6-4374-a65f-ebef03402452,863
8c802778-c17c-4dc2-93e3-e5203d1de67e,121
abac5632-d182-4b84-ad10-de277c47f22d,182
80e5da5d-cc1f-43cf-b49f-298031daa753,276
9a75f76a-cb7c-4cc2-82ff-7c7fad81010a,272
b6014b41-f939-4167-815d-b2e82bb32f36,504
2d747992-0ca3-480a-ba77-18d412ca0a62,397
6bf1dbbd-4042-4afe-aeeb-787b4fff540f,806
c4263a2a-a7d8-4681-9a3c-a5253c5855a1,505
8e7c284c-9fbe-4ddb-9631-aa9788297fc9,487
fef77b57-668d-4f6d-9ce1-819f473970d8,862
d22a763d-acea-481f-bad1-12572c413ab5,432
5fac291c-70a2-4622-a647-2f9b2b6177bd,162
ee4693d9-fc65-4aa5-b607-bf112bad728c,733
2f93768f-27d7-4f23-a3fd-a1c016728c28,194
3573779d-035b-4ffe-aa67-7cd56ede087c,341
156f7711-1641-4be7-a906-86413d4a61a7,871
ff86319a-c9f4-48ff-a18d-36e41350383d,752
1c9794ae-003d-4de9-96ea-a127aa67583b,614
fee35c73-b3f6-43a4-8bd3-e50fcbd2fb75,448
ae5fc55e-f805-43a6-8ba9-4dc79aff1a8f,389
da90c0d7-4654-4d35-904e-cbd2290f748f,507
dd894f4e-1739-430b-9cfb-654c1b53a04d,666
a90e4872-5431-4d78-bd1e-6a40279595ec,458
bacf58d0-e4bb-4b3e-9a60-bd45894d60be,411
c6c3250a-6a5e-4a25-a7d9-2432d086d249,270
87ec6de0-168b-4c7b-a817-3aa2c62aa0bd,405
555a6e19-f297-4dea-a793-80346ded772f,315
aceee5f4-6190-40ec-8774-ba722ccbb35d,729
68edf314-f3ad-4677-99bd-6ab7556c57ab,894
4c960371-5733-4e41-bd7d-6cae8160d84d,352
e68f883f-78b9-445d-9477-afcb8a9bd81f,903
fddf46a6-c0b3-496a-a5f5-cd5bad454199,528
463dd8fc-2454-487e-aef2-60666a0d51ac,530
305afb5f-1a70-46b9-aef9-f65da90a1c76,218
2678530e-b70b-4d3a-9ea2-297aa07abe07,377
7d35c4f9-3b38-4583-8a89-3fa882cb1a43,747
b7de30d6-0371-48e9-8856-e8648005f638,937
a9163912-a1d4-4be7-9787-091b5288b759,886
271d0b61-c736-4e88-b54b-0f4027cfe7f7,827
35b27c60-e9a0-4dab-a6ef-2c1fa586d980,419
f790d29e-4531-4e13-8a01-b3f1edd64c21,355
295ea8fe-7b64-4be1-bb44-44b78638b6db,362
79062e03-d86f-46db-b9f5-49af1fff0081,681
9613443f-8347-4ce6-8983-bab08e16cf02,903
3d4b3f9a-c588-45e5-a86b-471b041e6b5c,114
1694f839-f784-450a-adc7-ce6caa9df6a4,272
407d9b83-31b5-4a88-9c3f-63c8f4a6607e,959
27b97583-5bc1-4107-a40b-0a0c9c374cef,248
96d91af9-af14-450f-ac5d-35797eeb073a,276
ad01a1f1-b758-4970-ba13-de67df3571a8,502
90437cc6-b1e3-44a7-ad40-47c69409382a,534
434bb051-feff-471f-9d48-c1f0d6ef9fb8,275
36543304-53d7-4a35-9d4d-08eaa2e0c4a5,94
92fa939c-d1c3-4c9c-8e0b-c852e202fa88,749
a544084b-b249-4eeb-8ee7-6233e0c81850,854
413654f7-e471-4c85-acbb-7628441fc19b,615
e089cd9c-9e05-4021-b878-6c34e2633170,135
8119e32a-ff82-4b04-b572-c0e100435205,209
2b5f72f3-caad-4d42-a69f-cd715b0e68f0,295
25a587ff-a4c7-40fe-ad01-fd107ed007c3,396
cbfe7d0d-2aa8-4461-974f-b7a4f248b37e,327
3ef0ff59-3d24-4b50-acd0-b7b3f9699026,634
f773195d-b04e-403d-ab01-6ad5bc7c4244,376
40c33366-b73c-4e28-b1f8-102686f0a846,893
7067d71a-a674-451a-8d03-9db3f20d7eda,700
1bf5678c-4bcc-427a-aa9d-fcaa7acb2aa6,469
bc5473a8-0c1e-458f-a1b4-1006ca9399ec,492
81906e69-0617-4d16-8903-9abaf3b10ced,876
f970f289-91aa-484a-b091-890abdc695a7,277
4fa420fa-ebb5-4487-b448-f8bce907cbbc,492
343a3056-6ec2-48ec-b4b1-3f66dfff1fac,50
f108e33b-c1f9-4ad7-950e-4712a5273b48,337
c4f2106b-c546-46b7-9e40-fc5764a8d659,225
0dedb2ab-ddd4-4c5d-a1e9-55739469fc2d,212
0ef846fe-5279-41c1-ba9e-a53d4df51c4c,837
55e321dc-81be-4119-b506-9f7648405c8f,684
5c65e538-0260-47fc-9c1d-cada186e1095,170
00d14ad2-ca68-4b1b-8572-d93828370a4f,590
4cf00898-dccf-42a3-9d28-b89cccc21447,764
6d02dff5-e766-4822-8f5c-081d9d107ed0,785
e70f2ac6-eb2a-4c6b-a4db-c9c07eb5bfd8,741
5c3eea34-1a89-4d30-9446-e3dad5a2a93c,255
14effd65-4123-448b-846a-bb041b2a7769,767
17b389a3-3d75-4d76-8149-359855dbf9df,7
1d1d8182-b1ba-4774-9b7b-4f754f7ec31e,664
d8602be1-3a8c-4eff-a61a-4c9ebf2cf91a,231
c228b322-1cbb-45f8-bb24-1fb3b5a3efcd,841
2598a903-6b83-411d-9d7a-499134df8050,9
7cac8fbc-c4d5-47f3-8b97-d26880b0ec3e,961
48d12075-5be3-40c9-b8eb-6f77bcf0acd6,149
d87e652a-81be-4b1b-8282-149d3c5fc39c,778
4bae6059-b673-4061-8ff7-f6b80feb2bcd,532
bb1e5744-5b38-4723-b052-b39b5a0d6db2,682
41ca4ef8-972f-4bc4-9ebf-ef788b8412dc,291
435fa915-25d9-4add-8eb2-d85441193259,752
6ec8d94f-9acf-4c0b-9f85-84c4be548723,110
fceb7721-2f52-479f-a649-8df864277b91,644
89ab0ac3-1bcc-471f-864c-7d535ba7303c,689
0dd88965-c3c0-483e-8558-49f44856db83,347
f3563222-8dcf-49d0-a765-0143c930ffd5,849
62575690-d5c3-4d41-8062-df08d809f075,890
b3f000a2-e0ec-4990-853f-d378e69b5439,145
f6554f56-a134-42f7-9f4a-66306de8ffec,909
0a4ac374-7c55-4451-bdd5-368e7a44c541,591
c181ae46-070b-44ad-9076-e5859a5d113e,904
8d4cb851-88f6-4848-a43c-5ec49391e2f1,664
30b57f43-bf20-4b26-aa13-fc51fe033e01,121
5d8957e5-bd83-470b-a86a-8bc91da0ea0c,745
7b031def-2936-426d-8c37-2dc27928d920,654
5d60a14f-f6a1-4970-82e4-ca402dabd9c0,574
293fad0b-c82f-4205-92db-e686b7ec3b63,229
d1ecdc38-177a-4143-9d43-237f8a6ab352,505
556049b7-6400-47b6-8bb2-137e3d54287d,668
c7c56271-e56d-4886-b53b-8ba58ca01e33,88
6e6aeb65-db8c-4dd4-8257-6aae00a75dcb,771
97c543b3-2edc-42de-a62c-d0d5f93025dd,89
8dd3df40-d5bd-4cf9-8471-b6c971c6161d,312
28a92596-6458-49b6-b375-f1036c63155e,880
00327d17-0935-4cf6-b083-0a375e090232,870
2f73a68c-e938-435b-8bac-7938bbbafe9c,325
6c3f8d7b-0470-4523-88f6-1cf1dab1a8fe,176
4a86ce30-68ec-4f80-902e-34211b0b5cb0,206
537f7094-221e-43c5-b06a-6dccbdfe6ba6,181
10621480-7e24-4bf6-801b-01638b92c6d5,95
27660b1e-ed37-40f8-a7f9-2bb1dc7cb0e9,837
adb84575-9b29-4dfa-8780-c8b7c3dfd110,390
df549c87-9068-4fc1-bd79-a5ffac55f0df,198
6e7b70b6-47cf-44e6-afdb-104c6a89b586,965
9c56fd2d-3b1a-44db-9771-719883c437af,716
01381e05-f23a-40d5-85f4-60a21c90e47a,928
5395b4de-6337-4369-bf48-06cef9cf7817,625
f7d2cb12-a7d3-4a37-86f4-a77b9171ce10,94
62d56545-3126-4ae1-9584-4c0ff443e959,394
7236d1b4-2656-4d67-aed7-2ae81bf5d180,608
25b3d22b-d51f-483d-99c4-d99c1f517d5c,835
5f8bcae2-df98-4cb8-b16b-67c907707bf9,637
f465fba3-57eb-46bb-ae5b-17cedbdaecfe,524
91ee1d4d-444b-4dc6-8aba-47b0c4124999,251
d52aef3b-abd1-4e5d-bd2d-9b91635144c9,512
cd79b0fb-8736-4361-90db-21cc5a64fe5f,802
d58e6610-1ac2-4c28-87d0-65920698c42f,841
e093406d-83c2-4dad-83e4-68a2b85a573b,366
7b161215-bd40-4c9b-a7d8-c09287bcf609,206
ae319925-2869-42e4-b6de-123fa89c9fb6,140
4e6e2e1e-08b6-44dc-9d3a-ddabe12d8577,226
041f0c85-3c04-431c-8ac4-f5a3ffb71a4b,165
7710f7a0-52ac-471a-a3eb-7be759541de9,413
7644dcaf-87d2-4433-9f59-e7fe6db10875,163
d79ccf24-4a5a-4792-86fe-365c7ac8a5c9,562
2e058137-9492-4a43-b7c3-e6a50200ad63,277
3309b10a-c291-442f-b609-a25cc9d45128,663
4b593a69-dcd5-4c3b-a587-2ac93b5a0adb,852
fde17b87-4f51-45c3-bbc7-8489e0ff7ff6,65
f79a94cc-1a4f-491a-9f84-822f54fecde0,865
13ba005e-cff5-4cfb-92df-b37cd2270f47,780
ab76a36f-5983-4e7e-8d91-d9fbf2edcb19,869
9691e6d6-99b5-48af-ad65-638d2e3256c0,623
30410abb-a69b-4eba-bad6-1cc04e377371,410
0ace859b-ada3-4f29-a01f-ce01c09fba94,279
d956716f-3b7c-4186-8b7a-2185e016aef3,256
7a349b40-4fcd-4b37-a6f9-46e1f76a818c,756
fa9fb921-d473-4b76-a1ee-614127ab7559,772
8f5c048e-363f-4f4c-98f8-d04861bdfc22,284
91a27b2f-64bd-46f9-b1a4-994db97e7162,139
5e968f18-90ad-47cd-aa88-cc1710b27e79,140
eb8477ec-f5e8-4519-90e1-f511a41ee28e,497
17a629d2-29dc-42f8-9fa5-abb4ffe5e57e,204
b32b1018-e479-453e-b819-5826d1f651e7,271
6370926d-b26a-48c4-a4ac-45eb6f43259f,51
7d5b25ef-9ab2-4ee8-8cab-7f3f68658923,510
bad66eb6-658e-4fda-8b8c-8fdeaeded95c,346
fea12c3b-3710-4b04-babd-f6a5466bcd66,218
28d4b15f-7a11-4ded-9c25-e5d28891be4e,338
4e9b5d90-0c9e-4418-a776-eb61219687cb,682
39e12206-86cf-4bc6-90f5-29e18824ff4b,515
b69cabb7-c748-4ff6-b6cf-5d76e67b2811,216
86a23bde-7cb0-4005-bfe3-f16d19c351bb,674
92f7e946-3459-4184-b080-8b1f058e96ec,199
d51a5a4a-9c39-4804-becf-104113504bc3,625
67f6ff5c-6482-4009-bcd9-0b602b93ab5d,563
9cd6c314-2e1e-46f5-b0c7-c27aabcc57d3,289
f3094cbc-e7c3-40a9-9a6d-5bddf16bdb0f,497
4b033786-c2ea-47b6-b8d6-2c77a3b8dcfb,389
6be7bbd2-d08d-442a-be84-e5909233ed82,146
a9df16dd-a5c7-4cd4-8bee-3703fd1ea4cc,806
0e4fc2f9-7b04-4c5b-aa7d-9b2e1eba6ae6,671
b5b6c95e-70de-4959-b64f-4a4b4e45f714,56
43c4228b-6dfd-4153-98d3-f3f4c7db7324,64
fefb3bce-213b-4818-bfe6-ea408152aa56,191
3f7a16af-5d1a-4f4e-bbe5-dda3b1e19ea9,64
f0062cf7-126b-471f-9e8e-92ba69dc47a9,120
9ec151f6-c136-4d82-bea2-eb7e48a59458,610
f16fb419-0c82-402c-87a6-a1185f49bb9c,51
58deef8b-60f3-468e-ab63-10320fbf4d22,492
06cf4542-e576-4ee4-9467-a71d4e2fc667,911
0e8a94c9-e879-47ae-bc17-52426869d09e,372
170adb63-1eec-4ed7-a28e-67de03a1e745,800
53414f08-51f6-46ac-92fc-573c3f447123,769
9c3f4c7f-0238-4cd3-8ae8-9aa361869387,697
42631946-129c-4996-aa7d-667d5a46392a,24
91e630b5-3e8a-4434-a31a-80625cfb01b7,739
5b221a2e-2eed-4fc5-bddf-e1f976aa9bd0,344
8e02d708-4016-4e56-a07a-a3a2a5d52bdb,955
d4364596-6b38-41e0-9a56-e8eb14ba7fb1,3
c4730b05-72af-4a1f-abd0-f61a33245c25,22
f48b71d7-2441-4fcf-bb70-d8eb14dc6623,547
58bf940b-ca81-4020-8082-4ab8e0be2fda,580
e6c5dde1-e1e1-40b1-80c8-30dcde1767dd,720
5ff9fbf5-09c0-474b-9923-54b439eae0dd,129
ce8d7670-fb42-45c1-ba6e-5d3ece46fbb3,50
94bba39f-2322-45ca-b1b9-19d0749ed16b,188
b50af67a-a2b7-4de1-8d55-304a41be0697,228
127faf67-318a-4b70-8c84-c9fbc418fcd3,937
c92cedbb-b335-4479-9d78-2a0546c24379,433
9aa2c236-f3f8-4504-90ea-1e1ccfc84af8,167
7309459f-ded3-4421-a41d-9671ec421434,221
48afa0fb-bec3-45cd-a33f-2239cd6f456d,577
04e61660-d3d0-439d-95e3-800cb5cd0f46,857
8d4816cd-f335-4485-a8dd-aa8bd55f0961,651
4ebae430-50d5-49a1-99ac-24c5d6bae1df,770
209986ec-d749-4f18-8472-6d29e6f2de6b,651
fa0452fc-5a69-449d-9319-c99ef3eeb930,467
ec8a40ff-f935-4403-a874-ff451a2f7cb8,102
074b26a9-13b8-442c-a2f2-16f39b4752f2,993
b9078d5c-49ab-43fa-8b8b-caba86423dd0,121
d4668888-43ab-4138-8f98-a08f03c9557d,168
b3466612-8e92-41b4-ae96-fd340af2b7ce,54
d6edfc1c-6bd4-498f-830b-9e39292c7cb9,553
ec90b048-f79b-4a3b-a51b-8515946ef3a6,878
8970ad11-188e-460c-8013-6b62e2e2fa90,337
678ce293-476a-4b67-94dc-9e6d8a2458d5,556
05d34365-b5fe-4dde-8bf4-5826544c4133,67
c1c51557-85be-4896-8d69-a1fe0fe4ea95,152
2b4b16d4-4577-4d98-93f6-e2d004850f3f,680
affb3953-d8bf-42d3-b775-d55b3f2c1f00,575
6d4517b3-9a63-45d5-a84c-82b4bfe1d880,949
5e88f4d7-dd3e-4aa8-9881-7c7a6bcc7fcc,90
a28241fa-7562-4490-876b-bbdbb8f7df40,617
1344ee50-7394-4dcb-911d-1fe36a846d6b,924
efbc7bb3-e7b2-4a5c-8093-7b5013e56a67,349
23d644d7-3f97-4e91-a96a-8b852e1a3269,103
682ba096-ea41-4e2f-8c88-83596873d9db,363
3659ed76-572f-44dc-881d-28f002abf988,586
c0c5bbbf-6922-45ab-bad2-504171eddfa7,431
885111d9-5a81-43fd-be1e-8baebf80b8ca,753
376960fe-6816-49da-ae94-a07f4a69bcdf,405
3ea7e806-87bf-4275-be9b-4b845b881cc6,437
3ca06ead-aa19-4dde-88da-1f92d5fc6563,122
83849560-21f9-4b68-b1fc-85aa913c146c,209
23a0771c-777f-471e-9309-fd7b5dd7fdf4,148
f5624d0c-d612-419e-a04b-a066d594d086,599
6731a3ed-e0ad-426b-934b-4dee34a68426,882
ae6c34d3-2285-4e28-864a-c5eda6239757,786
b91d9462-90ad-463b-8901-1efced488694,909
ea48298e-131d-4714-849b-2f06c09a738d,595
e9046e24-e377-4876-9c0f-049c644bb478,128
496e79cc-78b1-415c-acf9-fda3256ac3c2,766
8e0aa247-8a14-47f9-b27a-b0ef53a9c893,775
9e510637-368e-440d-bac4-f533ddd2a38e,386
3c13db97-8d65-4a4a-8067-8d9917e80449,827
2e95f8f9-6b5d-42c4-b47d-e9e03b8bd981,550
d85382c5-7768-4b91-8f79-b02297a6c4c3,99
c98c5ece-5bd3-448a-8dc3-02cca382f590,385
8985ff4e-350b-40b2-94a0-8f51441baaf3,314
ab6062d7-1544-49fe-8693-c5106828b0bf,356
5d0feac7-5ee8-4dfa-9744-b174432320c8,7
cceb3d1b-4a14-462c-99dd-dcd12c56d78f,421
e038c849-8116-42e9-887a-8ceaacca18ab,471
33bb86d1-fca0-4287-99ab-18f8870b380c,328
20227543-e090-4773-8ad4-9483423ea600,347
2996909f-3edf-4f47-8f11-a876baaa4050,493
17a7af1e-006b-45de-9bc7-27772dfdb5d3,56
007425ad-4303-4baa-a687-ef4806549dbb,165
543d8bdf-651e-4d31-a4d3-362e625e7ec7,465
591e5d24-a099-4da0-91d1-4886982c563a,480
4b8a5731-35b4-4165-84de-72e2fab49cf5,359
49e960e7-fc94-485e-a326-0b3c771895fe,556
559ce059-8531-48ec-aaee-fcf933fd0cf4,681
496dd667-c67b-4ffc-a4d0-b79a0df43337,831
7d20a654-8557-4ea9-8265-9ad79228df5b,773
5ba7e1fc-fc06-4270-a7c3-25adb90359a6,118
bc74cabf-d2cc-49c7-89a9-33e0b201769f,816
0fb061e7-22a2-47e9-90dc-1db0ff177b3e,35
dc161bec-f022-47a9-9c12-2a311e3c6096,717
0aa37871-b6bd-4a06-a580-da0a661c5fdf,285
2636956b-909a-404a-8454-8bacbebd5a5e,583
c9afdc91-4ee2-4609-8c1d-56d8272a7a27,379
6328c29f-f639-4326-be28-2d6d5601a7b6,830
51805388-790c-4149-b023-0a86290d5e1e,812
375b29b8-66a7-404f-a5e9-89d455c84fe1,334
44e3ae6a-8d52-45df-b778-ed8f857d2e50,810
b74d5db8-95f0-4534-b79d-32e587bfbb3e,204
be9fc633-f5f0-4b67-9ea0-e604206292b5,143
917d4495-7fe9-4bac-9c8d-c46ff13fb288,521
d41913a0-88a0-4585-b454-89c91ce835be,315
2ae2fa54-d14d-4f8e-9f8b-d9f7fe90b3eb,512
fda7bd28-3b03-46df-b401-47eaa696ab4a,954
e7924f23-f8d9-4ff3-a47d-9e60fd5733ea,47
bc09b4b4-c700-4665-9895-18f2a05cd6c8,406
b9734093-c8c5-4476-8b69-b97db327225a,55
14397861-d126-4060-ad1f-ba1179e21b32,612
1cd6c971-d3a9-4f88-85be-f252451923b6,961
9f5856dc-932b-4a92-b2ca-aa9f83298ed8,942
ababfcd8-7957-4866-a637-8de4759f13b5,456
4298cc8c-5e69-468f-bd39-9e6bf02fb9ab,807
04230b87-1fe7-43c3-baf5-a62f69274e38,10
33470270-5e1e-4dba-8734-3f05d27af373,816
d774ca1d-5c05-429b-be6e-8f78e9905a70,673
08986c86-3fd6-46c8-aa88-6df33ed9706c,367
813a36a3-87b2-4eb1-be1a-75fe8732d47d,313
40511351-cc74-4cee-9be5-0794e5e81fe7,794
d04ac4a1-63ba-48ec-8c38-267d30788213,989
630da55a-ad73-47d6-b29e-a9b9138b6789,37
05616a1f-ff1e-4c6f-a18d-e8c4bca4615b,228
382bda73-930e-44c7-a5fa-a7012317dafe,371
a7aed8d9-0114-48b9-bb82-245fb20ae4fc,826
5c0ea274-95eb-4d90-b5e4-e4f1f5142822,957
94b9f811-ee7b-4f57-8b90-5a5e44050da6,525
3a531f3c-57f3-45b9-957c-bf726d1c038a,388
eb374a35-9107-4c89-891e-ad7cfd0649ad,147
1786c845-73d8-4998-9fce-5a82112f1a90,623
755519a0-a880-4b57-8d86-e6e51882015e,368
c9dde71c-b800-4e07-a172-e98217698822,96
b0063448-b7e8-4dbf-8a11-36d97aeaab25,940
80562af9-962d-4d3e-8f5f-141dce5b12ad,357
5aaf2c27-ab08-4203-9f18-84ea86db21e2,579
6831216e-3265-4c1b-b410-539893f27bef,467
5a56fe98-6d67-4420-b431-3dfbc306fdc0,456
bf7dd88d-ae2e-45a5-8dfc-4cea7cb47fc5,228
50ca2133-0697-4eab-8545-eb8f0b4381d3,738
66292a22-9bbb-4a7c-8235-f0e4c9c0bd30,667
84fd0aec-6e61-4c02-8a73-1790a0948e71,261
8e78d952-17ad-40eb-a9d9-a40178e5fee0,73
e0e837a6-fbd5-4664-abb0-69233ba61c18,796
fbd893a2-59be-478c-bf42-72c51e6fffdd,21
fc221225-80c0-43d4-98dd-1da5e88d0133,32
c0885210-8fd1-424f-9567-f1333562b1e1,984
c4caefeb-9678-40b0-9bee-66830123659e,500
f721f791-ae55-4342-a6f5-c89a8ec45aad,686
7abe1aca-0e0d-4cf8-8547-52c953a3ee84,774
d050fada-8e10-4e81-89ec-9a22a8f0acd8,291
14947497-a444-4d1e-bd61-ccdb074b7098,613
9817d06d-e76f-4c42-a070-83ae7d15f5ae,190
b9fe1b79-030e-4b3f-803b-55460e8c61c1,188
7d041dbb-05d2-44ff-8dd5-f595eacc1c1b,868
7d18c33c-72f1-44b1-a3a6-efc6e49fd642,240
3ef437cc-40f1-4e79-9349-a815ea4b8c33,441
861e4737-a062-47ff-ba0e-2c3b0b889460,222
e6b9f9ca-5969-4fd5-a7e7-af52d17a4457,214
2b3b6ecf-7d37-4213-b289-7a1953956a33,778
4157f148-5de1-40ba-b5a3-f5dba9520b8f,905
73f7396e-45b1-48d2-8ec1-5a85a5780635,502
a3e85f8b-a3df-4d14-85a3-52ef9ba32e59,477
c4719014-4895-49d9-a877-b59bb373d6b0,467
8c431bdd-0d25-4f94-89ad-68d01ddb4692,315
b609ec92-6987-4bd0-8471-1cd9a6e0d2e3,620
cd68b874-3b62-46eb-b20b-e2c11b8ea6da,205
ffd8ef39-4afe-4da9-8fb8-e25eaabea65d,474
2ea1466a-b4dc-44cf-82a0-1e0c643d12bd,118
50e535b1-8996-4e51-a5f8-f37724e7e7dc,14
ad38eaa9-9b42-4721-9bf6-668b9ab5e1d5,2
5c9c911d-f270-41d0-8e0d-5039ac6a955f,169
761f448e-7510-4758-b43d-0c12f7cf5679,708
ce9b3e72-9892-450d-a546-5081e8f7c912,589
faabf525-bb60-4316-b03c-e972f60562a4,484
09b15c56-126b-433b-9305-211360351c98,883
33a9abfd-880d-4142-ae8e-f2e4e5040bf4,499
6654c35b-c93a-430c-a8fc-e1f3611fa184,349
839f4af6-9528-47fb-8a75-b96ec7a021f1,632
3d0abfcf-22b3-4a6e-8034-3fb6b8e6bd2e,833
b85fa911-6482-4fb5-8d2c-9084a8ae8e8f,504
79dbe698-c940-46f5-bf00-da619ad7fec6,575
120f1b5e-d331-4ae1-b34b-e1fdf7c597b8,458
21ee00a4-22ba-4dfe-8ef0-52b4d23f6425,56
12141b4a-d9c9-4755-83fc-42c3286fecdc,89
38a8fbe6-6258-4f4a-9ac8-446e70185c05,209
cc4ef6b6-f9c9-478c-a5e6-eff01dde4702,713
7cd4501d-1a9c-4d4a-aa69-2c36bedf6311,977
72fff7fd-97c1-4cf7-a6c6-f0dbe6faa64d,437
854949cb-9822-4426-8b28-20612da44e0e,988
d944fbec-154c-4b2b-b6aa-5013fcff02af,249
b2057d29-55f5-419d-9651-cd98b23f2bd5,614
a5d2bcd3-7992-4860-a91b-16f0ed18cca8,897
379e363c-cc68-470e-a2fc-6076c321c6e9,433
329c50ef-378c-4cce-903a-f1020ae40ddb,289
1787b6dd-72d1-4ff1-b73a-1891f15ca8e9,623
606f3990-9447-4fee-9608-eb1000ae4aee,150
4d4772d2-9d7c-4ab2-8c3a-4b94f5feebdc,432
d5ea7e27-c50c-446e-894d-bf2f579f2497,236
3651e7cf-ce17-4f1e-a7ca-7cfc2bd2b70d,523
06f33f39-1c5a-4f6a-a5a6-79eadcfa5c75,751
affff737-9fb2-4e8a-b3e9-27c4ab8f020c,640
870df747-e4c2-4bb2-93a4-1c4b3fadafd8,695
232e5eee-d7cd-4cab-97ff-69a339215273,816
8983d092-e5cd-4eb3-b1da-3f1b733e83c2,843
c04c1c4f-ea79-4410-848d-7ae54b9757ab,621
a0615017-6a30-4536-a5b5-5205b6a1a7dd,751
76431a56-d017-43ae-bca4-039b31365f43,863
87c750e0-473c-4c19-b64a-d589c5c3d702,38
5af90b2e-777e-4f4d-8724-8d4ae72a4f87,698
cdd3468e-183c-4dfe-a220-7b2817f6b340,514
9563091c-016b-4456-b508-a9aa4b9357ef,849
73ebda9f-e24e-4ce0-9ef5-16e06db7bf27,1000
a4613fa9-3224-41b3-a54a-c030f3e25a54,652
37351151-b18c-4257-9142-1f6f633d8213,813
2aa84467-d13e-4ac7-aab7-bc4abeb9a2f2,149
aec450b3-0ccf-4bd0-8331-a55fe566df47,432
7070a34e-6187-43db-979c-ba9daee72a9a,312
f0c50139-8780-447c-a419-7dfe0d8beb00,479
c0dc90bf-3525-4e9b-a273-8d42580485bd,203
00fbc609-8e63-4218-80e8-b0e79927d6f4,557
54232f4e-7e1a-459b-8180-13070b86a8a1,290
fcef3122-197f-4545-91e3-4ee529bea3db,677
f012f78b-b031-4c5b-8915-e32abf756236,421
b65c6735-01ab-4bc9-b7c8-0b2733a0d6ad,450
d81e9469-571c-4645-8859-b59d6b61b7b8,323
29b5221b-efb0-4cd9-a943-cea9166575ea,74
2a3906b6-0231-4654-9a0f-6e8305a48ce8,634
849f3625-c51c-4e2d-adef-3edd85e14bfb,36
0cbf6850-978e-4398-85c7-821810b13017,294
7ac81b87-b5ed-4d9c-b2bf-008913429dea,729
9b1eca39-6e31-4d98-a711-67fd3b9cf332,196
ad63290f-e300-42c2-8dd9-67f775c7dcc8,741
0ad19196-1b18-4ce7-83e7-75e04b2fb763,146
201b29cb-fd9b-4701-a72d-045e1a61a5b2,220
617cb7ca-22aa-44b1-943e-7844bf9bf5fe,403
6ce52b77-1319-4a60-b348-9c26d0a7c39e,736
da1e5dfd-a159-47fb-b406-ece063901208,72
3d4257cb-fc7a-4cd1-9a70-9169d448085c,236
9a340e24-67fd-4765-86e6-7786e45e3ca0,819
8fd1aee7-5a2d-487b-b091-8d079361cdd9,88
7a7a8583-d974-4414-a30d-d3bd2612ef5b,297
867934b8-4a42-4631-af34-ef5d01358b20,248
ad174a8a-4cb3-4d87-97f7-c1b9567932dd,457
d9e95269-b6c7-46b9-8360-c64f38362499,23
3cb2b1ce-3544-4fa2-b2e2-5980f06e854f,608
59564069-d94d-42cf-a69d-7898204592d4,307
d0011eb2-9f96-4352-a21f-d02ad8beddff,877
0b12090e-1f8d-4562-bf2d-0918a6b47b21,279
a468b51e-51f5-4c2f-9b01-a167bc0277a4,361
a6eea80c-27f5-4674-9f4d-9667f44cf80a,13
a1866e23-3097-43f4-ab5a-d9ba84574711,875
47f9c54b-2126-43dd-8bab-f92f99562334,614
afe4d3bb-eb4c-4c9c-9f1e-1533f88caf8f,861
49120fe3-2b9e-4d26-8c6d-e60593fd6074,646
16f5731a-222c-4a72-ba47-5c02d1ec92c7,953
0e360a17-abfe-464d-b459-2d48ba636753,483
19ce29ba-8f8f-4871-bd1b-d9cb9544dd8e,54
cb982f96-9a86-4d0d-8a31-0a74d7dcc50a,933
ec05041b-5d64-4ccc-805e-e8c2a5c53d1a,693
a4b6a3f4-0750-407e-adbc-04e6ccc4192f,8
19c89a99-53b0-4c5a-9985-a88872bd2084,698
ba9841cd-d0c7-4012-8660-f13142ec43eb,171
6afcf904-a06e-450f-a7eb-527e94ef9030,851
5b24144a-3e3a-4192-9838-603b323f0cf7,223
6ecf2be9-d395-40d2-938d-f897223d598a,866
